"BLOCK_ID","TIME"
"0","1231006505"
"1","1231469665"
"2","1231469744"
"3","1231470173"
"4","1231470988"
"5","1231471428"
"6","1231471789"
"7","1231472369"
"8","1231472743"
"9","1231473279"
"10","1231473952"
"11","1231474360"
"12","1231474888"
"13","1231475020"
"14","1231475589"
"15","1231562746"
"16","1231562758"
"17","1231563791"
"18","1231564334"
"19","1231564974"
"20","1231565995"
"21","1231566553"
"22","1231567467"
"23","1231567611"
"24","1231568277"
"25","1231568646"
"26","1231570450"
"27","1231570573"
"28","1231601457"
"29","1231601503"
"30","1231602122"
"31","1231602736"
"32","1231603171"
"33","1231603939"
"34","1231604338"
"35","1231605153"
"36","1231605789"
"37","1231606762"
"38","1231607488"
"39","1231607511"
"40","1231608208"
"41","1231608903"
"42","1231609153"
"43","1231609477"
"44","1231610361"
"45","1231611068"
"46","1231611793"
"47","1231612888"
"48","1231613140"
"49","1231613802"
"50","1231614698"
"51","1231615503"
"52","1231616363"
"53","1231617190"
"54","1231617386"
"55","1231618509"
"56","1231618848"
"57","1231619676"
"58","1231620564"
"59","1231620928"
"60","1231621959"
"61","1231622445"
"62","1231623224"
"63","1231623880"
"64","1231624107"
"65","1231624503"
"66","1231625020"
"67","1231626072"
"68","1231626618"
"69","1231626979"
"70","1231627646"
"71","1231628459"
"72","1231629194"
"73","1231630288"
"74","1231631189"
"75","1231631822"
"76","1231632554"
"77","1231633184"
"78","1231635654"
"79","1231645607"
"80","1231646077"
"81","1231646456"
"82","1231647491"
"83","1231648583"
"84","1231649497"
"85","1231650483"
"86","1231650986"
"87","1231651888"
"88","1231652408"
"89","1231653209"
"90","1231653550"
"91","1231654229"
"92","1231654561"
"93","1231655037"
"94","1231655581"
"95","1231656204"
"96","1231657185"
"97","1231658068"
"98","1231659133"
"99","1231660146"
"100","1231660825"
"101","1231661741"
"102","1231662670"
"103","1231663467"
"104","1231664009"
"105","1231664567"
"106","1231665565"
"107","1231666285"
"108","1231667222"
"109","1231667774"
"110","1231668739"
"111","1231669673"
"112","1231670137"
"113","1231670975"
"114","1231671619"
"115","1231671963"
"116","1231672548"
"117","1231673147"
"118","1231673484"
"119","1231674557"
"120","1231675623"
"121","1231676281"
"122","1231676873"
"123","1231677823"
"124","1231678278"
"125","1231679255"
"126","1231679899"
"127","1231681965"
"128","1231682091"
"129","1231683160"
"130","1231684125"
"131","1231684725"
"132","1231685008"
"133","1231685667"
"134","1231686121"
"135","1231686376"
"136","1231686868"
"137","1231687155"
"138","1231687693"
"139","1231688158"
"140","1231689563"
"141","1231690260"
"142","1231691038"
"143","1231692104"
"144","1231693144"
"145","1231693700"
"146","1231694075"
"147","1231695120"
"148","1231695528"
"149","1231696366"
"150","1231696944"
"151","1231697621"
"152","1231698309"
"153","1231699081"
"154","1231700008"
"155","1231700434"
"156","1231700980"
"157","1231701538"
"158","1231702357"
"159","1231702618"
"160","1231703466"
"161","1231704197"
"162","1231704464"
"163","1231714917"
"164","1231715347"
"165","1231716245"
"166","1231716329"
"167","1231716711"
"168","1231717181"
"169","1231730523"
"170","1231731025"
"171","1231731401"
"172","1231731853"
"173","1231732245"
"174","1231732861"
"175","1231733876"
"176","1231735142"
"177","1231736557"
"178","1231737131"
"179","1231738005"
"180","1231739452"
"181","1231740133"
"182","1231740736"
"183","1231742062"
"184","1231742949"
"185","1231743578"
"186","1231743669"
"187","1231744600"
"188","1231744937"
"189","1231745189"
"190","1231745501"
"191","1231745534"
"192","1231747164"
"193","1231747455"
"194","1231747844"
"195","1231749225"
"196","1231750046"
"197","1231751312"
"198","1231752161"
"199","1231752757"
"200","1231753120"
"201","1231753837"
"202","1231754944"
"203","1231756296"
"204","1231756638"
"205","1231757171"
"206","1231757577"
"207","1231757909"
"208","1231758547"
"209","1231759316"
"210","1231759513"
"211","1231760107"
"212","1231760777"
"213","1231762221"
"214","1231762662"
"215","1231763114"
"216","1231764594"
"217","1231766029"
"218","1231766966"
"219","1231767990"
"220","1231768665"
"221","1231770060"
"222","1231770653"
"223","1231771213"
"224","1231771689"
"225","1231773076"
"226","1231773794"
"227","1231774735"
"228","1231775125"
"229","1231775577"
"230","1231776531"
"231","1231777403"
"232","1231778080"
"233","1231779468"
"234","1231780094"
"235","1231780771"
"236","1231781159"
"237","1231781185"
"238","1231782035"
"239","1231783052"
"240","1231783494"
"241","1231784201"
"242","1231785773"
"243","1231786898"
"244","1231787524"
"245","1231788397"
"246","1231788910"
"247","1231789563"
"248","1231790660"
"249","1231791095"
"250","1231792456"
"251","1231793759"
"252","1231795114"
"253","1231795882"
"254","1231796561"
"255","1231797290"
"256","1231798073"
"257","1231799163"
"258","1231800349"
"259","1231801541"
"260","1231802728"
"261","1231803223"
"262","1231803947"
"263","1231805421"
"264","1231805980"
"265","1231806051"
"266","1231806170"
"267","1231806964"
"268","1231807132"
"269","1231807293"
"270","1231808778"
"271","1231809900"
"272","1231810641"
"273","1231811219"
"274","1231811622"
"275","1231812926"
"276","1231813196"
"277","1231815025"
"278","1231815925"
"279","1231816169"
"280","1231817139"
"281","1231817659"
"282","1231818395"
"283","1231819157"
"284","1231820141"
"285","1231821417"
"286","1231822498"
"287","1231822967"
"288","1231823695"
"289","1231824272"
"290","1231825046"
"291","1231825707"
"292","1231826633"
"293","1231827489"
"294","1231828541"
"295","1231829183"
"296","1231829684"
"297","1231829772"
"298","1231830791"
"299","1231831694"
"300","1231832435"
"301","1231833175"
"302","1231833861"
"303","1231835108"
"304","1231835642"
"305","1231836755"
"306","1231837946"
"307","1231838493"
"308","1231839461"
"309","1231839504"
"310","1231840002"
"311","1231840140"
"312","1231841124"
"313","1231841699"
"314","1231842444"
"315","1231843597"
"316","1231844245"
"317","1231844715"
"318","1231845101"
"319","1231846048"
"320","1231846218"
"321","1231846990"
"322","1231847669"
"323","1231848372"
"324","1231849416"
"325","1231849987"
"326","1231850712"
"327","1231851531"
"328","1231851944"
"329","1231852306"
"330","1231853108"
"331","1231854172"
"332","1231854604"
"333","1231855081"
"334","1231855781"
"335","1231856031"
"336","1231856644"
"337","1231857108"
"338","1231857528"
"339","1231857859"
"340","1231858635"
"341","1231859159"
"342","1231860068"
"343","1231860987"
"344","1231861522"
"345","1231861893"
"346","1231862299"
"347","1231863290"
"348","1231864090"
"349","1231864857"
"350","1231865478"
"351","1231866358"
"352","1231866858"
"353","1231867963"
"354","1231868549"
"355","1231869577"
"356","1231870655"
"357","1231870808"
"358","1231871671"
"359","1231872516"
"360","1231872582"
"361","1231873025"
"362","1231873610"
"363","1231874201"
"364","1231875152"
"365","1231875837"
"366","1231876609"
"367","1231877248"
"368","1231878378"
"369","1231879535"
"370","1231879977"
"371","1231880431"
"372","1231880620"
"373","1231880887"
"374","1231881668"
"375","1231882823"
"376","1231883994"
"377","1231884950"
"378","1231885847"
"379","1231886424"
"380","1231886972"
"381","1231887806"
"382","1231888319"
"383","1231889357"
"384","1231890178"
"385","1231890970"
"386","1231891966"
"387","1231892936"
"388","1231893644"
"389","1231894426"
"390","1231895654"
"391","1231896614"
"392","1231897053"
"393","1231897603"
"394","1231897970"
"395","1231898331"
"396","1231898751"
"397","1231899618"
"398","1231900415"
"399","1231901339"
"400","1231902179"
"401","1231902868"
"402","1231903283"
"403","1231903835"
"404","1231904592"
"405","1231905679"
"406","1231906883"
"407","1231907580"
"408","1231907948"
"409","1231908863"
"410","1231909577"
"411","1231910433"
"412","1231910935"
"413","1231911838"
"414","1231912058"
"415","1231912565"
"416","1231912942"
"417","1231913658"
"418","1231914025"
"419","1231914168"
"420","1231914994"
"421","1231915415"
"422","1231915840"
"423","1231916533"
"424","1231917703"
"425","1231918065"
"426","1231919092"
"427","1231920354"
"428","1231920924"
"429","1231922041"
"430","1231922852"
"431","1231923141"
"432","1231923277"
"433","1231924258"
"434","1231924394"
"435","1231925298"
"436","1231926247"
"437","1231927300"
"438","1231927782"
"439","1231928740"
"440","1231928776"
"441","1231929745"
"442","1231930435"
"443","1231930862"
"444","1231931549"
"445","1231932001"
"446","1231932921"
"447","1231933666"
"448","1231934513"
"449","1231935119"
"450","1231936030"
"451","1231936485"
"452","1231937405"
"453","1231938459"
"454","1231939525"
"455","1231940169"
"456","1231941022"
"457","1231942187"
"458","1231942726"
"459","1231943274"
"460","1231943631"
"461","1231943876"
"462","1231944234"
"463","1231944562"
"464","1231944640"
"465","1231944968"
"466","1231945725"
"467","1231946092"
"468","1231947213"
"469","1231948092"
"470","1231948637"
"471","1231949596"
"472","1231950232"
"473","1231950272"
"474","1231950841"
"475","1231951310"
"476","1231952108"
"477","1231953157"
"478","1231953545"
"479","1231954777"
"480","1231955305"
"481","1231956588"
"482","1231957046"
"483","1231958131"
"484","1231958892"
"485","1231958995"
"486","1231959366"
"487","1231959983"
"488","1231961090"
"489","1231962187"
"490","1231962298"
"491","1231962666"
"492","1231963006"
"493","1231963103"
"494","1231963503"
"495","1231964596"
"496","1231965655"
"497","1231966316"
"498","1231966976"
"499","1231967680"
"500","1231968449"
"501","1231969111"
"502","1231969575"
"503","1231970693"
"504","1231971788"
"505","1231972858"
"506","1231973609"
"507","1231973656"
"508","1231974724"
"509","1231975112"
"510","1231975169"
"511","1231975547"
"512","1231975750"
"513","1231976547"
"514","1231977072"
"515","1231978202"
"516","1231979190"
"517","1231979559"
"518","1231980679"
"519","1231981816"
"520","1231982359"
"521","1231982645"
"522","1231983047"
"523","1231983513"
"524","1231983986"
"525","1231984996"
"526","1231985645"
"527","1231986079"
"528","1231986958"
"529","1231987028"
"530","1231988141"
"531","1231989040"
"532","1231989398"
"533","1231989852"
"534","1231991091"
"535","1231991724"
"536","1231992546"
"537","1231992912"
"538","1231993954"
"539","1231994794"
"540","1231995328"
"541","1231995747"
"542","1231995860"
"543","1231996652"
"544","1231997349"
"545","1231998512"
"546","1231999700"
"547","1232000330"
"548","1232001087"
"549","1232002235"
"550","1232002581"
"551","1232003453"
"552","1232004122"
"553","1232005462"
"554","1232006385"
"555","1232007119"
"556","1232008124"
"557","1232008622"
"558","1232009292"
"559","1232010280"
"560","1232010874"
"561","1232011955"
"562","1232012146"
"563","1232012402"
"564","1232012460"
"565","1232013560"
"566","1232014595"
"567","1232014906"
"568","1232015450"
"569","1232015762"
"570","1232016648"
"571","1232017034"
"572","1232018217"
"573","1232018781"
"574","1232019144"
"575","1232020171"
"576","1232020303"
"577","1232021565"
"578","1232022521"
"579","1232023318"
"580","1232024017"
"581","1232024561"
"582","1232025374"
"583","1232026445"
"584","1232027566"
"585","1232028405"
"586","1232029520"
"587","1232030354"
"588","1232031265"
"589","1232032416"
"590","1232032931"
"591","1232033622"
"592","1232033858"
"593","1232034716"
"594","1232035463"
"595","1232036324"
"596","1232036500"
"597","1232036790"
"598","1232037121"
"599","1232038030"
"600","1232038747"
"601","1232039247"
"602","1232040312"
"603","1232041314"
"604","1232041344"
"605","1232041720"
"606","1232042240"
"607","1232042393"
"608","1232043026"
"609","1232043349"
"610","1232044039"
"611","1232044594"
"612","1232045313"
"613","1232045372"
"614","1232045504"
"615","1232046290"
"616","1232046839"
"617","1232047418"
"618","1232048357"
"619","1232049139"
"620","1232050140"
"621","1232050537"
"622","1232051001"
"623","1232051797"
"624","1232052697"
"625","1232052762"
"626","1232053261"
"627","1232054174"
"628","1232054999"
"629","1232055703"
"630","1232056478"
"631","1232057250"
"632","1232057835"
"633","1232058216"
"634","1232058407"
"635","1232059171"
"636","1232060248"
"637","1232060865"
"638","1232061462"
"639","1232062277"
"640","1232063044"
"641","1232064028"
"642","1232064487"
"643","1232064985"
"644","1232065311"
"645","1232065648"
"646","1232066137"
"647","1232066628"
"648","1232067816"
"649","1232068634"
"650","1232069443"
"651","1232070406"
"652","1232070480"
"653","1232070880"
"654","1232071761"
"655","1232072093"
"656","1232072812"
"657","1232073815"
"658","1232073893"
"659","1232074147"
"660","1232074673"
"661","1232075360"
"662","1232076911"
"663","1232077965"
"664","1232078396"
"665","1232078458"
"666","1232079036"
"667","1232079598"
"668","1232080611"
"669","1232081542"
"670","1232083261"
"671","1232084566"
"672","1232085703"
"673","1232086216"
"674","1232087115"
"675","1232088311"
"676","1232089660"
"677","1232090447"
"678","1232091328"
"679","1232092225"
"680","1232092650"
"681","1232093273"
"682","1232094155"
"683","1232095430"
"684","1232096885"
"685","1232097041"
"686","1232098329"
"687","1232098386"
"688","1232098802"
"689","1232099502"
"690","1232100266"
"691","1232100803"
"692","1232101972"
"693","1232103320"
"694","1232103990"
"695","1232104729"
"696","1232106114"
"697","1232107288"
"698","1232107813"
"699","1232108064"
"700","1232108688"
"701","1232109864"
"702","1232110073"
"703","1232110280"
"704","1232111152"
"705","1232111780"
"706","1232112566"
"707","1232113906"
"708","1232114037"
"709","1232115216"
"710","1232116727"
"711","1232118179"
"712","1232119286"
"713","1232119341"
"714","1232119917"
"715","1232120951"
"716","1232122161"
"717","1232122736"
"718","1232124164"
"719","1232125432"
"720","1232125633"
"721","1232126326"
"722","1232127258"
"723","1232128717"
"724","1232129602"
"725","1232131033"
"726","1232132250"
"727","1232132515"
"728","1232133515"
"729","1232133558"
"730","1232134449"
"731","1232134905"
"732","1232135969"
"733","1232136547"
"734","1232137444"
"735","1232138546"
"736","1232139204"
"737","1232139727"
"738","1232140366"
"739","1232141054"
"740","1232141960"
"741","1232142119"
"742","1232143308"
"743","1232144951"
"744","1232146460"
"745","1232147265"
"746","1232148780"
"747","1232150041"
"748","1232150102"
"749","1232151146"
"750","1232152343"
"751","1232152910"
"752","1232153225"
"753","1232153864"
"754","1232154634"
"755","1232155719"
"756","1232156539"
"757","1232156739"
"758","1232157221"
"759","1232158170"
"760","1232158840"
"761","1232159437"
"762","1232160698"
"763","1232161744"
"764","1232162276"
"765","1232163166"
"766","1232164242"
"767","1232164279"
"768","1232165677"
"769","1232166977"
"770","1232168140"
"771","1232168513"
"772","1232168636"
"773","1232169303"
"774","1232169696"
"775","1232171060"
"776","1232171865"
"777","1232171948"
"778","1232172535"
"779","1232173741"
"780","1232174964"
"781","1232175823"
"782","1232177092"
"783","1232177364"
"784","1232179003"
"785","1232180282"
"786","1232180428"
"787","1232180879"
"788","1232180896"
"789","1232181334"
"790","1232182083"
"791","1232183635"
"792","1232184950"
"793","1232186294"
"794","1232187625"
"795","1232188579"
"796","1232189223"
"797","1232190699"
"798","1232192234"
"799","1232193674"
"800","1232194705"
"801","1232195440"
"802","1232195855"
"803","1232196066"
"804","1232196222"
"805","1232196637"
"806","1232198028"
"807","1232198652"
"808","1232199450"
"809","1232199992"
"810","1232200390"
"811","1232201404"
"812","1232201792"
"813","1232201977"
"814","1232202799"
"815","1232203123"
"816","1232204591"
"817","1232205957"
"818","1232206467"
"819","1232206702"
"820","1232207788"
"821","1232208241"
"822","1232208484"
"823","1232209980"
"824","1232210734"
"825","1232211036"
"826","1232211605"
"827","1232212551"
"828","1232213029"
"829","1232213194"
"830","1232213554"
"831","1232214634"
"832","1232215545"
"833","1232216501"
"834","1232217508"
"835","1232218747"
"836","1232219534"
"837","1232219953"
"838","1232220551"
"839","1232221146"
"840","1232222636"
"841","1232223492"
"842","1232223930"
"843","1232224123"
"844","1232224537"
"845","1232224643"
"846","1232225685"
"847","1232226781"
"848","1232227629"
"849","1232228695"
"850","1232229891"
"851","1232230156"
"852","1232230602"
"853","1232231701"
"854","1232233355"
"855","1232234595"
"856","1232235821"
"857","1232236630"
"858","1232237414"
"859","1232238172"
"860","1232239516"
"861","1232240418"
"862","1232241151"
"863","1232242395"
"864","1232243472"
"865","1232243873"
"866","1232244658"
"867","1232244991"
"868","1232246210"
"869","1232247229"
"870","1232247477"
"871","1232249078"
"872","1232250005"
"873","1232250742"
"874","1232252254"
"875","1232252663"
"876","1232253850"
"877","1232254751"
"878","1232256159"
"879","1232257224"
"880","1232258441"
"881","1232259101"
"882","1232260301"
"883","1232261425"
"884","1232261799"
"885","1232262359"
"886","1232262719"
"887","1232262926"
"888","1232263401"
"889","1232264942"
"890","1232266126"
"891","1232267105"
"892","1232268076"
"893","1232269231"
"894","1232270118"
"895","1232271496"
"896","1232272930"
"897","1232273473"
"898","1232274205"
"899","1232275311"
"900","1232275729"
"901","1232277180"
"902","1232278193"
"903","1232279463"
"904","1232280145"
"905","1232280459"
"906","1232281585"
"907","1232281621"
"908","1232282025"
"909","1232282850"
"910","1232284184"
"911","1232285076"
"912","1232286406"
"913","1232286892"
"914","1232287750"
"915","1232288629"
"916","1232288674"
"917","1232289711"
"918","1232290270"
"919","1232290924"
"920","1232291413"
"921","1232292231"
"922","1232293348"
"923","1232294096"
"924","1232294687"
"925","1232295430"
"926","1232296490"
"927","1232296937"
"928","1232298030"
"929","1232298650"
"930","1232299798"
"931","1232301208"
"932","1232301593"
"933","1232302140"
"934","1232303074"
"935","1232303210"
"936","1232303636"
"937","1232304668"
"938","1232306174"
"939","1232306686"
"940","1232306853"
"941","1232307189"
"942","1232307944"
"943","1232308979"
"944","1232309501"
"945","1232309637"
"946","1232309875"
"947","1232311132"
"948","1232312064"
"949","1232312474"
"950","1232313148"
"951","1232313891"
"952","1232315215"
"953","1232315776"
"954","1232316261"
"955","1232316437"
"956","1232316957"
"957","1232317580"
"958","1232317818"
"959","1232318024"
"960","1232319062"
"961","1232319910"
"962","1232321408"
"963","1232321869"
"964","1232322800"
"965","1232323275"
"966","1232323703"
"967","1232323869"
"968","1232325165"
"969","1232325821"
"970","1232326840"
"971","1232327230"
"972","1232328352"
"973","1232329010"
"974","1232329529"
"975","1232330208"
"976","1232331030"
"977","1232332553"
"978","1232333325"
"979","1232334078"
"980","1232334867"
"981","1232335733"
"982","1232336991"
"983","1232338277"
"984","1232338844"
"985","1232339172"
"986","1232339501"
"987","1232340412"
"988","1232340645"
"989","1232341883"
"990","1232342619"
"991","1232343383"
"992","1232343956"
"993","1232344227"
"994","1232344489"
"995","1232344831"
"996","1232345150"
"997","1232345400"
"998","1232345881"
"999","1232346443"
